"year","id","region","arealFjell","mean_snow","reference_snow","reference_mean_snow","n_reference_years","relative_snow","condition_score"
1959,1,"Nord-Norge",59822.7350921747,142.59999930023,142.921073581004,143.744102075349,30,0.997753485383721,0.997753485383721
1959,2,"Midt-Norge",18294.6375230299,135.80632691528,156.549324576585,160.910013390366,30,0.867498644804709,0.867498644804709
1959,3,"Østlandet",19004.1775274179,83.8980516947661,104.273160477513,104.203290990937,30,0.804598722341973,0.804598722341973
1959,4,"Vestlandet",20329.6250265664,160.393679085456,247.243754336309,247.789646322772,30,0.648726919375619,0.648726919375619
1959,5,"Sørlandet",7085.62001515692,88.9581119228761,155.899339572004,156.040950888283,30,0.570612500136921,0.570612500136921
1960,1,"Nord-Norge",59822.7350921747,69.2044934066478,142.921073581004,143.744102075349,30,0.484214760445558,0.484214760445558
1960,2,"Midt-Norge",18294.6375230299,64.0493016718813,156.549324576585,160.910013390366,30,0.409131766266727,0.409131766266727
1960,3,"Østlandet",19004.1775274179,88.2700180816457,104.273160477513,104.203290990937,30,0.84652673494712,0.84652673494712
1960,4,"Vestlandet",20329.6250265664,117.181950791536,247.243754336309,247.789646322772,30,0.473953128183539,0.473953128183539
1960,5,"Sørlandet",7085.62001515692,157.031758803554,155.899339572004,156.040950888283,30,1.00726378466169,1
1961,1,"Nord-Norge",59822.7350921747,113.649259206191,142.921073581004,143.744102075349,30,0.795188955404659,0.795188955404659
1961,2,"Midt-Norge",18294.6375230299,95.0833418473281,156.549324576585,160.910013390366,30,0.607369863169309,0.607369863169309
1961,3,"Østlandet",19004.1775274179,81.3942473649993,104.273160477513,104.203290990937,30,0.780586749190869,0.780586749190869
1961,4,"Vestlandet",20329.6250265664,158.94680009434,247.243754336309,247.789646322772,30,0.642874884831814,0.642874884831814
1961,5,"Sørlandet",7085.62001515692,138.539551777029,155.899339572004,156.040950888283,30,0.888647457759389,0.888647457759389
1962,1,"Nord-Norge",59822.7350921747,126.330991504971,142.921073581004,143.744102075349,30,0.883921372402579,0.883921372402579
1962,2,"Midt-Norge",18294.6375230299,159.076814834709,156.549324576585,160.910013390366,30,1.01614500902486,1
1962,3,"Østlandet",19004.1775274179,105.544883297575,104.273160477513,104.203290990937,30,1.01219607053473,1
1962,4,"Vestlandet",20329.6250265664,250.21515208488,247.243754336309,247.789646322772,30,1.01201809023062,1
1962,5,"Sørlandet",7085.62001515692,190.835561450352,155.899339572004,156.040950888283,30,1.22409473942776,1
1963,1,"Nord-Norge",59822.7350921747,172.932636361969,142.921073581004,143.744102075349,30,1.20998696713508,1
1963,2,"Midt-Norge",18294.6375230299,124.23328631952,156.549324576585,160.910013390366,30,0.793572803048053,0.793572803048053
1963,3,"Østlandet",19004.1775274179,63.1356925718107,104.273160477513,104.203290990937,30,0.605483638193037,0.605483638193037
1963,4,"Vestlandet",20329.6250265664,136.601467861813,247.243754336309,247.789646322772,30,0.552497142864136,0.552497142864136
1963,5,"Sørlandet",7085.62001515692,87.5045832185902,155.899339572004,156.040950888283,30,0.561288992364045,0.561288992364045
1964,1,"Nord-Norge",59822.7350921747,160.323240408004,142.921073581004,143.744102075349,30,1.121760678051,1
1964,2,"Midt-Norge",18294.6375230299,149.842854022412,156.549324576585,160.910013390366,30,0.95716065481399,0.95716065481399
1964,3,"Østlandet",19004.1775274179,67.5900092441793,104.273160477513,104.203290990937,30,0.648201406139941,0.648201406139941
1964,4,"Vestlandet",20329.6250265664,163.18738142729,247.243754336309,247.789646322772,30,0.660026304265374,0.660026304265374
1964,5,"Sørlandet",7085.62001515692,99.5272199695028,155.899339572004,156.040950888283,30,0.638406937724935,0.638406937724935
1965,1,"Nord-Norge",59822.7350921747,159.583233061969,142.921073581004,143.744102075349,30,1.11658294374287,1
1965,2,"Midt-Norge",18294.6375230299,199.618547351844,156.549324576585,160.910013390366,30,1.27511599230305,1
1965,3,"Østlandet",19004.1775274179,115.767255728299,104.273160477513,104.203290990937,30,1.11023062116992,1
1965,4,"Vestlandet",20329.6250265664,249.902735285935,247.243754336309,247.789646322772,30,1.010754491885,1
1965,5,"Sørlandet",7085.62001515692,157.485302741175,155.899339572004,156.040950888283,30,1.01017299478962,1
1966,1,"Nord-Norge",59822.7350921747,108.696039893552,142.921073581004,143.744102075349,30,0.760531929757342,0.760531929757342
1966,2,"Midt-Norge",18294.6375230299,99.3071500180996,156.549324576585,160.910013390366,30,0.634350549174793,0.634350549174793
1966,3,"Østlandet",19004.1775274179,74.3389791879468,104.273160477513,104.203290990937,30,0.7129253476879,0.7129253476879
1966,4,"Vestlandet",20329.6250265664,141.703634410187,247.243754336309,247.789646322772,30,0.573133322581072,0.573133322581072
1966,5,"Sørlandet",7085.62001515692,110.994117496218,155.899339572004,156.040950888283,30,0.711960151986109,0.711960151986109
1967,1,"Nord-Norge",59822.7350921747,129.67208448403,142.921073581004,143.744102075349,30,0.907298561611596,0.907298561611596
1967,2,"Midt-Norge",18294.6375230299,150.229512978695,156.549324576585,160.910013390366,30,0.959630540630034,0.959630540630034
1967,3,"Østlandet",19004.1775274179,120.95154031148,104.273160477513,104.203290990937,30,1.15994892412956,1
1967,4,"Vestlandet",20329.6250265664,271.652470846871,247.243754336309,247.789646322772,30,1.09872328858654,1
1967,5,"Sørlandet",7085.62001515692,203.487732655562,155.899339572004,156.040950888283,30,1.30525076766973,1
1968,1,"Nord-Norge",59822.7350921747,146.304369246255,142.921073581004,143.744102075349,30,1.02367247586713,1
1968,2,"Midt-Norge",18294.6375230299,229.287950845615,156.549324576585,160.910013390366,30,1.46463711335558,1
1968,3,"Østlandet",19004.1775274179,135.540929401165,104.273160477513,104.203290990937,30,1.29986401851122,1
1968,4,"Vestlandet",20329.6250265664,334.212852030439,247.243754336309,247.789646322772,30,1.35175447779292,1
1968,5,"Sørlandet",7085.62001515692,176.053092226729,155.899339572004,156.040950888283,30,1.12927413746623,1
1969,1,"Nord-Norge",59822.7350921747,125.979624913385,142.921073581004,143.744102075349,30,0.881462906462027,0.881462906462027
1969,2,"Midt-Norge",18294.6375230299,101.444132428485,156.549324576585,160.910013390366,30,0.64800108657676,0.64800108657676
1969,3,"Østlandet",19004.1775274179,75.4867172823924,104.273160477513,104.203290990937,30,0.723932380458266,0.723932380458266
1969,4,"Vestlandet",20329.6250265664,144.131543840736,247.243754336309,247.789646322772,30,0.58295322455217,0.58295322455217
1969,5,"Sørlandet",7085.62001515692,103.862952911788,155.899339572004,156.040950888283,30,0.666218042981623,0.666218042981623
1970,1,"Nord-Norge",59822.7350921747,108.774363419306,142.921073581004,143.744102075349,30,0.761079949190666,0.761079949190666
1970,2,"Midt-Norge",18294.6375230299,147.778265325681,156.549324576585,160.910013390366,30,0.943972551305303,0.943972551305303
1970,3,"Østlandet",19004.1775274179,82.1599846277732,104.273160477513,104.203290990937,30,0.78793031928376,0.78793031928376
1970,4,"Vestlandet",20329.6250265664,189.757379037088,247.243754336309,247.789646322772,30,0.767491092126735,0.767491092126735
1970,5,"Sørlandet",7085.62001515692,131.279336949545,155.899339572004,156.040950888283,30,0.842077569474963,0.842077569474963
1971,1,"Nord-Norge",59822.7350921747,153.675426589992,142.921073581004,143.744102075349,30,1.07524679698752,1
1971,2,"Midt-Norge",18294.6375230299,161.299117969402,156.549324576585,160.910013390366,30,1.03034055500184,1
1971,3,"Østlandet",19004.1775274179,90.8629397238077,104.273160477513,104.203290990937,30,0.87139336055133,0.87139336055133
1971,4,"Vestlandet",20329.6250265664,244.505499216548,247.243754336309,247.789646322772,30,0.988924876476207,0.988924876476207
1971,5,"Sørlandet",7085.62001515692,176.413841179814,155.899339572004,156.040950888283,30,1.13158812387614,1
1972,1,"Nord-Norge",59822.7350921747,145.512214973429,142.921073581004,143.744102075349,30,1.01812987635414,1
1972,2,"Midt-Norge",18294.6375230299,159.902814944292,156.549324576585,160.910013390366,30,1.02142130205146,1
1972,3,"Østlandet",19004.1775274179,97.4899121636949,104.273160477513,104.203290990937,30,0.934947322179992,0.934947322179992
1972,4,"Vestlandet",20329.6250265664,246.819705073355,247.243754336309,247.789646322772,30,0.99828489393355,0.99828489393355
1972,5,"Sørlandet",7085.62001515692,145.166567043325,155.899339572004,156.040950888283,30,0.93115575371811,0.93115575371811
1973,1,"Nord-Norge",59822.7350921747,165.996792769882,142.921073581004,143.744102075349,30,1.16145777953312,1
1973,2,"Midt-Norge",18294.6375230299,171.466336502056,156.549324576585,160.910013390366,30,1.09528633844839,1
1973,3,"Østlandet",19004.1775274179,84.9132076244675,104.273160477513,104.203290990937,30,0.814334266225486,0.814334266225486
1973,4,"Vestlandet",20329.6250265664,289.711823430509,247.243754336309,247.789646322772,30,1.17176599347555,1
1973,5,"Sørlandet",7085.62001515692,155.169269325027,155.899339572004,156.040950888283,30,0.995317040797085,0.995317040797085
1974,1,"Nord-Norge",59822.7350921747,162.94035903757,142.921073581004,143.744102075349,30,1.1400723137251,1
1974,2,"Midt-Norge",18294.6375230299,185.633314252935,156.549324576585,160.910013390366,30,1.18578163626712,1
1974,3,"Østlandet",19004.1775274179,94.6061057655698,104.273160477513,104.203290990937,30,0.907291054882455,0.907291054882455
1974,4,"Vestlandet",20329.6250265664,275.447037357732,247.243754336309,247.789646322772,30,1.11407076023874,1
1974,5,"Sørlandet",7085.62001515692,168.401541178318,155.899339572004,156.040950888283,30,1.08019406394303,1
1975,1,"Nord-Norge",59822.7350921747,106.761407453263,142.921073581004,143.744102075349,30,0.746995560404557,0.746995560404557
1975,2,"Midt-Norge",18294.6375230299,154.021834318461,156.549324576585,160.910013390366,30,0.983854990975145,0.983854990975145
1975,3,"Østlandet",19004.1775274179,123.834016539112,104.273160477513,104.203290990937,30,1.18759243483195,1
1975,4,"Vestlandet",20329.6250265664,289.994472854145,247.243754336309,247.789646322772,30,1.17290919494648,1
1975,5,"Sørlandet",7085.62001515692,209.453420414077,155.899339572004,156.040950888283,30,1.3435170475327,1
1976,1,"Nord-Norge",59822.7350921747,182.113098368824,142.921073581004,143.744102075349,30,1.2742214552818,1
1976,2,"Midt-Norge",18294.6375230299,278.96210957112,156.549324576585,160.910013390366,30,1.78194387184756,1
1976,3,"Østlandet",19004.1775274179,133.515232076536,104.273160477513,104.203290990937,30,1.28043718503507,1
1976,4,"Vestlandet",20329.6250265664,332.425475095137,247.243754336309,247.789646322772,30,1.34452526814069,1
1976,5,"Sørlandet",7085.62001515692,173.098478069776,155.899339572004,156.040950888283,30,1.11032207413443,1
1977,1,"Nord-Norge",59822.7350921747,123.369985918426,142.921073581004,143.744102075349,30,0.863203604809917,0.863203604809917
1977,2,"Midt-Norge",18294.6375230299,110.710464260079,156.549324576585,160.910013390366,30,0.707192219190436,0.707192219190436
1977,3,"Østlandet",19004.1775274179,96.7969394705512,104.273160477513,104.203290990937,30,0.928301578539248,0.928301578539248
1977,4,"Vestlandet",20329.6250265664,152.2272302805,247.243754336309,247.789646322772,30,0.615696969531678,0.615696969531678
1977,5,"Sørlandet",7085.62001515692,133.484818410961,155.899339572004,156.040950888283,30,0.856224399522292,0.856224399522292
1978,1,"Nord-Norge",59822.7350921747,140.240710114856,142.921073581004,143.744102075349,30,0.981245848502328,0.981245848502328
1978,2,"Midt-Norge",18294.6375230299,107.613635109006,156.549324576585,160.910013390366,30,0.687410408189661,0.687410408189661
1978,3,"Østlandet",19004.1775274179,84.6465278530563,104.273160477513,104.203290990937,30,0.81177675506739,0.81177675506739
1978,4,"Vestlandet",20329.6250265664,172.655379984862,247.243754336309,247.789646322772,30,0.698320491242867,0.698320491242867
1978,5,"Sørlandet",7085.62001515692,139.80970047344,155.899339572004,156.040950888283,30,0.89679469366108,0.89679469366108
1979,1,"Nord-Norge",59822.7350921747,152.985812207512,142.921073581004,143.744102075349,30,1.07042165563361,1
1979,2,"Midt-Norge",18294.6375230299,160.41211691602,156.549324576585,160.910013390366,30,1.02467460239693,1
1979,3,"Østlandet",19004.1775274179,103.00143765745,104.273160477513,104.203290990937,30,0.987803929465274,0.987803929465274
1979,4,"Vestlandet",20329.6250265664,246.204469633826,247.243754336309,247.789646322772,30,0.995796517872523,0.995796517872523
1979,5,"Sørlandet",7085.62001515692,128.141759983146,155.899339572004,156.040950888283,30,0.821951910347652,0.821951910347652
1980,1,"Nord-Norge",59822.7350921747,118.117702358566,142.921073581004,143.744102075349,30,0.826454065863282,0.826454065863282
1980,2,"Midt-Norge",18294.6375230299,124.664805034721,156.549324576585,160.910013390366,30,0.796329242377115,0.796329242377115
1980,3,"Østlandet",19004.1775274179,79.9981059935024,104.273160477513,104.203290990937,30,0.767197480417358,0.767197480417358
1980,4,"Vestlandet",20329.6250265664,221.17072974678,247.243754336309,247.789646322772,30,0.894545265017843,0.894545265017843
1980,5,"Sørlandet",7085.62001515692,128.618890086214,155.899339572004,156.040950888283,30,0.825012411465732,0.825012411465732
1981,1,"Nord-Norge",59822.7350921747,162.151926603939,142.921073581004,143.744102075349,30,1.13455575543263,1
1981,2,"Midt-Norge",18294.6375230299,210.534199205351,156.549324576585,160.910013390366,30,1.3448425905048,1
1981,3,"Østlandet",19004.1775274179,133.306049175628,104.273160477513,104.203290990937,30,1.27843108010883,1
1981,4,"Vestlandet",20329.6250265664,350.076307965523,247.243754336309,247.789646322772,30,1.41591567764878,1
1981,5,"Sørlandet",7085.62001515692,197.885799821857,155.899339572004,156.040950888283,30,1.26931775570775,1
1982,1,"Nord-Norge",59822.7350921747,121.347468262862,142.921073581004,143.744102075349,30,0.849052314136763,0.849052314136763
1982,2,"Midt-Norge",18294.6375230299,146.43022476386,156.549324576585,160.910013390366,30,0.935361587537386,0.935361587537386
1982,3,"Østlandet",19004.1775274179,113.897191471369,104.273160477513,104.203290990937,30,1.09229633924764,1
1982,4,"Vestlandet",20329.6250265664,247.667803599263,247.243754336309,247.789646322772,30,1.00171510606645,1
1982,5,"Sørlandet",7085.62001515692,156.917476315124,155.899339572004,156.040950888283,30,1.00653073159845,1
1983,1,"Nord-Norge",59822.7350921747,140.329932188579,142.921073581004,143.744102075349,30,0.981870123645857,0.981870123645857
1983,2,"Midt-Norge",18294.6375230299,177.072812117658,156.549324576585,160.910013390366,30,1.1310991765476,1
1983,3,"Østlandet",19004.1775274179,137.494437255866,104.273160477513,104.203290990937,30,1.31859854085384,1
1983,4,"Vestlandet",20329.6250265664,346.280157833995,247.243754336309,247.789646322772,30,1.4005618008978,1
1983,5,"Sørlandet",7085.62001515692,242.883158819941,155.899339572004,156.040950888283,30,1.55794860636829,1
1984,1,"Nord-Norge",59822.7350921747,187.641446470226,142.921073581004,143.744102075349,30,1.31290258160477,1
1984,2,"Midt-Norge",18294.6375230299,226.479257585989,156.549324576585,160.910013390366,30,1.44669584617207,1
1984,3,"Østlandet",19004.1775274179,129.286294474013,104.273160477513,104.203290990937,30,1.23988084644173,1
1984,4,"Vestlandet",20329.6250265664,345.866583355247,247.243754336309,247.789646322772,30,1.39888906105506,1
1984,5,"Sørlandet",7085.62001515692,180.080058742834,155.899339572004,156.040950888283,30,1.15510469279225,1
1985,1,"Nord-Norge",59822.7350921747,97.0608686303457,142.921073581004,143.744102075349,30,0.679122163012119,0.679122163012119
1985,2,"Midt-Norge",18294.6375230299,121.117089301486,156.549324576585,160.910013390366,30,0.773667274701238,0.773667274701238
1985,3,"Østlandet",19004.1775274179,111.169762901214,104.273160477513,104.203290990937,30,1.06613976590063,1
1985,4,"Vestlandet",20329.6250265664,214.052732478449,247.243754336309,247.789646322772,30,0.865755873401305,0.865755873401305
1985,5,"Sørlandet",7085.62001515692,128.524860772267,155.899339572004,156.040950888283,30,0.824409270270874,0.824409270270874
1986,1,"Nord-Norge",59822.7350921747,148.26150099955,142.921073581004,143.744102075349,30,1.03736626996102,1
1986,2,"Midt-Norge",18294.6375230299,126.905829607179,156.549324576585,160.910013390366,30,0.810644376463571,0.810644376463571
1986,3,"Østlandet",19004.1775274179,77.5080339126732,104.273160477513,104.203290990937,30,0.74331720221896,0.74331720221896
1986,4,"Vestlandet",20329.6250265664,180.728634733008,247.243754336309,247.789646322772,30,0.730973509191965,0.730973509191965
1986,5,"Sørlandet",7085.62001515692,126.557425671565,155.899339572004,156.040950888283,30,0.811789363694597,0.811789363694597
1987,1,"Nord-Norge",59822.7350921747,136.343135327539,142.921073581004,143.744102075349,30,0.953975029093685,0.953975029093685
1987,2,"Midt-Norge",18294.6375230299,184.637078150425,156.549324576585,160.910013390366,30,1.17941791604536,1
1987,3,"Østlandet",19004.1775274179,123.240576043065,104.273160477513,104.203290990937,30,1.18190122442527,1
1987,4,"Vestlandet",20329.6250265664,271.8722345164,247.243754336309,247.789646322772,30,1.09961214286768,1
1987,5,"Sørlandet",7085.62001515692,156.629409818981,155.899339572004,156.040950888283,30,1.00468295920291,1
1988,1,"Nord-Norge",59822.7350921747,125.572876931837,142.921073581004,143.744102075349,30,0.878616944202182,0.878616944202182
1988,2,"Midt-Norge",18294.6375230299,136.093532423967,156.549324576585,160.910013390366,30,0.869333245557307,0.869333245557307
1988,3,"Østlandet",19004.1775274179,115.996126424537,104.273160477513,104.203290990937,30,1.11242553590339,1
1988,4,"Vestlandet",20329.6250265664,206.879759087316,247.243754336309,247.789646322772,30,0.836744125822938,0.836744125822938
1988,5,"Sørlandet",7085.62001515692,144.699259675748,155.899339572004,156.040950888283,30,0.928158259508963,0.928158259508963
1989,1,"Nord-Norge",59822.7350921747,207.763563257189,142.921073581004,143.744102075349,30,1.45369439265675,1
1989,2,"Midt-Norge",18294.6375230299,245.390403961462,156.549324576585,160.910013390366,30,1.5674957693057,1
1989,3,"Østlandet",19004.1775274179,139.860046082266,104.273160477513,104.203290990937,30,1.34128519210299,1
1989,4,"Vestlandet",20329.6250265664,361.410423459312,247.243754336309,247.789646322772,30,1.46175754542098,1
1989,5,"Sørlandet",7085.62001515692,185.055608262048,155.899339572004,156.040950888283,30,1.18701983452969,1
1990,1,"Nord-Norge",59822.7350921747,181.890991296453,142.921073581004,143.744102075349,30,1.2726674012378,1
1990,2,"Midt-Norge",18294.6375230299,182.051569743125,156.549324576585,160.910013390366,30,1.16290230082765,1
1990,3,"Østlandet",19004.1775274179,132.765548102121,104.273160477513,104.203290990937,30,1.27324756911682,1
1990,4,"Vestlandet",20329.6250265664,397.381513061679,247.243754336309,247.789646322772,30,1.60724591053227,1
1990,5,"Sørlandet",7085.62001515692,204.667731187533,155.899339572004,156.040950888283,30,1.31281974477515,1
1991,1,"Nord-Norge",59822.7350921747,151.659026052467,142.921073581004,143.744102075349,30,1.06113830698669,1
1991,2,"Midt-Norge",18294.6375230299,107.086486515491,156.549324576585,160.910013390366,30,0.684043107851951,0.684043107851951
1991,3,"Østlandet",19004.1775274179,85.3494805190384,104.273160477513,104.203290990937,30,0.818518208599276,0.818518208599276
1991,4,"Vestlandet",20329.6250265664,238.337169239192,247.243754336309,247.789646322772,30,0.963976501161676,0.963976501161676
1991,5,"Sørlandet",7085.62001515692,131.7554741591,155.899339572004,156.040950888283,30,0.845131701781502,0.845131701781502
1992,1,"Nord-Norge",59822.7350921747,188.418346626836,142.921073581004,143.744102075349,30,1.318338450068,1
1992,2,"Midt-Norge",18294.6375230299,205.224995916661,156.549324576585,160.910013390366,30,1.31092865760825,1
1992,3,"Østlandet",19004.1775274179,129.831330762824,104.273160477513,104.203290990937,30,1.24510785103539,1
1992,4,"Vestlandet",20329.6250265664,330.283721317274,247.243754336309,247.789646322772,30,1.33586274890492,1
1992,5,"Sørlandet",7085.62001515692,170.37323799014,155.899339572004,156.040950888283,30,1.09284130681933,1
1993,1,"Nord-Norge",59822.7350921747,179.943757069788,142.921073581004,143.744102075349,30,1.25904285883915,1
1993,2,"Midt-Norge",18294.6375230299,179.849404316078,156.549324576585,160.910013390366,30,1.14883538975663,1
1993,3,"Østlandet",19004.1775274179,143.807619502106,104.273160477513,104.203290990937,30,1.37914319316253,1
1993,4,"Vestlandet",20329.6250265664,387.010294937628,247.243754336309,247.789646322772,30,1.56529856932687,1
1993,5,"Sørlandet",7085.62001515692,240.158575758823,155.899339572004,156.040950888283,30,1.54047205342972,1
1994,1,"Nord-Norge",59822.7350921747,124.411422197567,142.921073581004,143.744102075349,30,0.870490397814244,0.870490397814244
1994,2,"Midt-Norge",18294.6375230299,117.640326214902,156.549324576585,160.910013390366,30,0.751458535724001,0.751458535724001
1994,3,"Østlandet",19004.1775274179,117.042645475088,104.273160477513,104.203290990937,30,1.12246185824903,1
1994,4,"Vestlandet",20329.6250265664,283.205546082599,247.243754336309,247.789646322772,30,1.14545075908115,1
1994,5,"Sørlandet",7085.62001515692,183.200628345845,155.899339572004,156.040950888283,30,1.1751212599668,1
1995,1,"Nord-Norge",59822.7350921747,168.261763941092,142.921073581004,143.744102075349,30,1.17730548564432,1
1995,2,"Midt-Norge",18294.6375230299,202.605838897913,156.549324576585,160.910013390366,30,1.29419810303172,1
1995,3,"Østlandet",19004.1775274179,135.12620948077,104.273160477513,104.203290990937,30,1.29588677337455,1
1995,4,"Vestlandet",20329.6250265664,314.840772747045,247.243754336309,247.789646322772,30,1.27340232958438,1
1995,5,"Sørlandet",7085.62001515692,199.086125973537,155.899339572004,156.040950888283,30,1.27701712220267,1
1996,1,"Nord-Norge",59822.7350921747,177.817591134431,142.921073581004,143.744102075349,30,1.24416635475138,1
1996,2,"Midt-Norge",18294.6375230299,124.722567378204,156.549324576585,160.910013390366,30,0.796698214543806,0.796698214543806
1996,3,"Østlandet",19004.1775274179,62.9778144040572,104.273160477513,104.203290990937,30,0.603969555690594,0.603969555690594
1996,4,"Vestlandet",20329.6250265664,133.194985173304,247.243754336309,247.789646322772,30,0.538719311761169,0.538719311761169
1996,5,"Sørlandet",7085.62001515692,35.0863677739661,155.899339572004,156.040950888283,30,0.225057834563571,0.225057834563571
1997,1,"Nord-Norge",59822.7350921747,198.85311710864,142.921073581004,143.744102075349,30,1.39134917004339,1
1997,2,"Midt-Norge",18294.6375230299,181.127172024683,156.549324576585,160.910013390366,30,1.15699746718533,1
1997,3,"Østlandet",19004.1775274179,109.031106502066,104.273160477513,104.203290990937,30,1.04562963281025,1
1997,4,"Vestlandet",20329.6250265664,262.251215987196,247.243754336309,247.789646322772,30,1.06069905260569,1
1997,5,"Sørlandet",7085.62001515692,156.619284751951,155.899339572004,156.040950888283,30,1.00461801301996,1
1998,1,"Nord-Norge",59822.7350921747,149.680533533698,142.921073581004,143.744102075349,30,1.04729505441941,1
1998,2,"Midt-Norge",18294.6375230299,165.279881321967,156.549324576585,160.910013390366,30,1.05576872828417,1
1998,3,"Østlandet",19004.1775274179,103.098360278297,104.273160477513,104.203290990937,30,0.988733436352791,0.988733436352791
1998,4,"Vestlandet",20329.6250265664,219.88703423164,247.243754336309,247.789646322772,30,0.889353240982349,0.889353240982349
1998,5,"Sørlandet",7085.62001515692,100.036823019467,155.899339572004,156.040950888283,30,0.641675733162832,0.641675733162832
1999,1,"Nord-Norge",59822.7350921747,104.32675390617,142.921073581004,143.744102075349,30,0.729960608972338,0.729960608972338
1999,2,"Midt-Norge",18294.6375230299,126.618150491535,156.549324576585,160.910013390366,30,0.808806750421926,0.808806750421926
1999,3,"Østlandet",19004.1775274179,109.794242058267,104.273160477513,104.203290990937,30,1.05294825202834,1
1999,4,"Vestlandet",20329.6250265664,287.770941193979,247.243754336309,247.789646322772,30,1.16391591757883,1
1999,5,"Sørlandet",7085.62001515692,175.464442175202,155.899339572004,156.040950888283,30,1.12549830330847,1
2000,1,"Nord-Norge",59822.7350921747,175.991956761482,142.921073581004,143.744102075349,30,1.23139263057476,1
2000,2,"Midt-Norge",18294.6375230299,204.001331486825,156.549324576585,160.910013390366,30,1.30311217910765,1
2000,3,"Østlandet",19004.1775274179,125.693742472939,104.273160477513,104.203290990937,30,1.20542757021397,1
2000,4,"Vestlandet",20329.6250265664,357.605533718917,247.243754336309,247.789646322772,30,1.44636832052182,1
2000,5,"Sørlandet",7085.62001515692,185.325314106192,155.899339572004,156.040950888283,30,1.18874983444428,1
2001,1,"Nord-Norge",59822.7350921747,87.2716725129193,142.921073581004,143.744102075349,30,0.610628442162212,0.610628442162212
2001,2,"Midt-Norge",18294.6375230299,77.5351684640341,156.549324576585,160.910013390366,30,0.49527628863134,0.49527628863134
2001,3,"Østlandet",19004.1775274179,105.640713973582,104.273160477513,104.203290990937,30,1.01311510545769,1
2001,4,"Vestlandet",20329.6250265664,155.425323246715,247.243754336309,247.789646322772,30,0.628631949324392,0.628631949324392
2001,5,"Sørlandet",7085.62001515692,155.866767937784,155.899339572004,156.040950888283,30,0.99979107266067,0.99979107266067
2002,1,"Nord-Norge",59822.7350921747,159.032195313784,142.921073581004,143.744102075349,30,1.11272740491729,1
2002,2,"Midt-Norge",18294.6375230299,188.504384036211,156.549324576585,160.910013390366,30,1.20412134990716,1
2002,3,"Østlandet",19004.1775274179,106.233633374062,104.273160477513,104.203290990937,30,1.01880131845598,1
2002,4,"Vestlandet",20329.6250265664,251.406268508938,247.243754336309,247.789646322772,30,1.01683566965646,1
2002,5,"Sørlandet",7085.62001515692,133.087946272899,155.899339572004,156.040950888283,30,0.853678704722355,0.853678704722355
2003,1,"Nord-Norge",59822.7350921747,130.203218831966,142.921073581004,143.744102075349,30,0.911014838957043,0.911014838957043
2003,2,"Midt-Norge",18294.6375230299,114.512991017435,156.549324576585,160.910013390366,30,0.731481859325522,0.731481859325522
2003,3,"Østlandet",19004.1775274179,74.7620623827208,104.273160477513,104.203290990937,30,0.716982798261341,0.716982798261341
2003,4,"Vestlandet",20329.6250265664,167.397361243239,247.243754336309,247.789646322772,30,0.677053953061802,0.677053953061802
2003,5,"Sørlandet",7085.62001515692,108.649196631512,155.899339572004,156.040950888283,30,0.696918902477653,0.696918902477653
2004,1,"Nord-Norge",59822.7350921747,137.570611980572,142.921073581004,143.744102075349,30,0.962563522184855,0.962563522184855
2004,2,"Midt-Norge",18294.6375230299,140.301810180513,156.549324576585,160.910013390366,30,0.896214726955761,0.896214726955761
2004,3,"Østlandet",19004.1775274179,82.5518783123535,104.273160477513,104.203290990937,30,0.791688656355214,0.791688656355214
2004,4,"Vestlandet",20329.6250265664,181.339304987213,247.243754336309,247.789646322772,30,0.733443420942999,0.733443420942999
2004,5,"Sørlandet",7085.62001515692,100.62367533757,155.899339572004,156.040950888283,30,0.645440035947655,0.645440035947655
2005,1,"Nord-Norge",59822.7350921747,154.850404557147,142.921073581004,143.744102075349,30,1.08346796366165,1
2005,2,"Midt-Norge",18294.6375230299,229.234480435822,156.549324576585,160.910013390366,30,1.46429555704457,1
2005,3,"Østlandet",19004.1775274179,126.316077089816,104.273160477513,104.203290990937,30,1.21139588088976,1
2005,4,"Vestlandet",20329.6250265664,321.265629475322,247.243754336309,247.789646322772,30,1.29938825082848,1
2005,5,"Sørlandet",7085.62001515692,159.108053091893,155.899339572004,156.040950888283,30,1.02058195710577,1
2006,1,"Nord-Norge",59822.7350921747,113.293493861604,142.921073581004,143.744102075349,30,0.792699711966494,0.792699711966494
2006,2,"Midt-Norge",18294.6375230299,142.804807151725,156.549324576585,160.910013390366,30,0.912203278666104,0.912203278666104
2006,3,"Østlandet",19004.1775274179,83.0354093065266,104.273160477513,104.203290990937,30,0.796325813145694,0.796325813145694
2006,4,"Vestlandet",20329.6250265664,183.14562367221,247.243754336309,247.789646322772,30,0.740749242236022,0.740749242236022
2006,5,"Sørlandet",7085.62001515692,90.738983178008,155.899339572004,156.040950888283,30,0.582035712448282,0.582035712448282
2007,1,"Nord-Norge",59822.7350921747,153.372573024586,142.921073581004,143.744102075349,30,1.07312777032603,1
2007,2,"Midt-Norge",18294.6375230299,162.468011769855,156.549324576585,160.910013390366,30,1.0378071716967,1
2007,3,"Østlandet",19004.1775274179,133.550269592711,104.273160477513,104.203290990937,30,1.28077320166691,1
2007,4,"Vestlandet",20329.6250265664,323.984134960847,247.243754336309,247.789646322772,30,1.31038349514849,1
2007,5,"Sørlandet",7085.62001515692,219.253581255663,155.899339572004,156.040950888283,30,1.40637915373848,1
2008,1,"Nord-Norge",59822.7350921747,123.089239677337,142.921073581004,143.744102075349,30,0.861239260196105,0.861239260196105
2008,2,"Midt-Norge",18294.6375230299,179.31826204999,156.549324576585,160.910013390366,30,1.14544257878459,1
2008,3,"Østlandet",19004.1775274179,128.07370588048,104.273160477513,104.203290990937,30,1.22825188470335,1
2008,4,"Vestlandet",20329.6250265664,306.882588533465,247.243754336309,247.789646322772,30,1.24121472494724,1
2008,5,"Sørlandet",7085.62001515692,190.92642988555,155.899339572004,156.040950888283,30,1.22467760549664,1
2009,1,"Nord-Norge",59822.7350921747,126.197690338733,142.921073581004,143.744102075349,30,0.882988681632085,0.882988681632085
2009,2,"Midt-Norge",18294.6375230299,143.233303658866,156.549324576585,160.910013390366,30,0.914940412846018,0.914940412846018
2009,3,"Østlandet",19004.1775274179,100.488939591188,104.273160477513,104.203290990937,30,0.963708581681087,0.963708581681087
2009,4,"Vestlandet",20329.6250265664,240.199412752136,247.243754336309,247.789646322772,30,0.971508515541343,0.971508515541343
2009,5,"Sørlandet",7085.62001515692,136.587746355085,155.899339572004,156.040950888283,30,0.876127806121977,0.876127806121977
2010,1,"Nord-Norge",59822.7350921747,104.598731781041,142.921073581004,143.744102075349,30,0.731863602478169,0.731863602478169
2010,2,"Midt-Norge",18294.6375230299,109.515265394875,156.549324576585,160.910013390366,30,0.699557571973422,0.699557571973422
2010,3,"Østlandet",19004.1775274179,82.2268586463868,104.273160477513,104.203290990937,30,0.788571654199738,0.788571654199738
2010,4,"Vestlandet",20329.6250265664,122.10931827299,247.243754336309,247.789646322772,30,0.493882317071164,0.493882317071164
2010,5,"Sørlandet",7085.62001515692,108.328456934627,155.899339572004,156.040950888283,30,0.694861551254963,0.694861551254963
2011,1,"Nord-Norge",59822.7350921747,136.147278470403,142.921073581004,143.744102075349,30,0.952604644361548,0.952604644361548
2011,2,"Midt-Norge",18294.6375230299,127.118307686872,156.549324576585,160.910013390366,30,0.81200163610214,0.81200163610214
2011,3,"Østlandet",19004.1775274179,61.7183977404715,104.273160477513,104.203290990937,30,0.591891503602997,0.591891503602997
2011,4,"Vestlandet",20329.6250265664,175.624509740314,247.243754336309,247.789646322772,30,0.710329408367678,0.710329408367678
2011,5,"Sørlandet",7085.62001515692,96.9130177475199,155.899339572004,156.040950888283,30,0.62163841112848,0.62163841112848
2012,1,"Nord-Norge",59822.7350921747,121.957614753213,142.921073581004,143.744102075349,30,0.853321429075962,0.853321429075962
2012,2,"Midt-Norge",18294.6375230299,171.996730967629,156.549324576585,160.910013390366,30,1.09867437264788,1
2012,3,"Østlandet",19004.1775274179,102.72970741782,104.273160477513,104.203290990937,30,0.985197983329321,0.985197983329321
2012,4,"Vestlandet",20329.6250265664,293.901893696922,247.243754336309,247.789646322772,30,1.18871311627612,1
2012,5,"Sørlandet",7085.62001515692,166.928292544014,155.899339572004,156.040950888283,30,1.0707440647426,1
2013,1,"Nord-Norge",59822.7350921747,126.345831725063,142.921073581004,143.744102075349,30,0.884025207475463,0.884025207475463
2013,2,"Midt-Norge",18294.6375230299,110.605493888999,156.549324576585,160.910013390366,30,0.706521693326694,0.706521693326694
2013,3,"Østlandet",19004.1775274179,87.4347153213664,104.273160477513,104.203290990937,30,0.838516018129349,0.838516018129349
2013,4,"Vestlandet",20329.6250265664,195.22867242387,247.243754336309,247.789646322772,30,0.789620239135803,0.789620239135803
2013,5,"Sørlandet",7085.62001515692,130.082986924417,155.899339572004,156.040950888283,30,0.834403707427744,0.834403707427744
2014,1,"Nord-Norge",59822.7350921747,158.317540688479,142.921073581004,143.744102075349,30,1.10772706026973,1
2014,2,"Midt-Norge",18294.6375230299,113.000618372745,156.549324576585,160.910013390366,30,0.721821181141311,0.721821181141311
2014,3,"Østlandet",19004.1775274179,108.295834759712,104.273160477513,104.203290990937,30,1.03857823301584,1
2014,4,"Vestlandet",20329.6250265664,253.009640540606,247.243754336309,247.789646322772,30,1.02332065462998,1
2014,5,"Sørlandet",7085.62001515692,206.911691555593,155.899339572004,156.040950888283,30,1.32721339374262,1
2015,1,"Nord-Norge",59822.7350921747,127.753648128706,142.921073581004,143.744102075349,30,0.893875514140317,0.893875514140317
2015,2,"Midt-Norge",18294.6375230299,131.909410746359,156.549324576585,160.910013390366,30,0.84260606746871,0.84260606746871
2015,3,"Østlandet",19004.1775274179,104.545101070714,104.273160477513,104.203290990937,30,1.00260796346784,1
2015,4,"Vestlandet",20329.6250265664,299.210694083972,247.243754336309,247.789646322772,30,1.21018504547126,1
2015,5,"Sørlandet",7085.62001515692,190.828498086088,155.899339572004,156.040950888283,30,1.22404943221682,1
2016,1,"Nord-Norge",59822.7350921747,118.928165896099,142.921073581004,143.744102075349,30,0.832124772899173,0.832124772899173
2016,2,"Midt-Norge",18294.6375230299,135.611241281017,156.549324576585,160.910013390366,30,0.866252483987403,0.866252483987403
2016,3,"Østlandet",19004.1775274179,94.4928483946381,104.273160477513,104.203290990937,30,0.906204894547302,0.906204894547302
2016,4,"Vestlandet",20329.6250265664,304.95393397909,247.243754336309,247.789646322772,30,1.23341410503046,1
2016,5,"Sørlandet",7085.62001515692,185.575562768401,155.899339572004,156.040950888283,30,1.19035502830139,1
2017,1,"Nord-Norge",59822.7350921747,171.398964610904,142.921073581004,143.744102075349,30,1.19925606711707,1
2017,2,"Midt-Norge",18294.6375230299,205.817465686518,156.549324576585,160.910013390366,30,1.31471321414632,1
2017,3,"Østlandet",19004.1775274179,101.695636910757,104.273160477513,104.203290990937,30,0.975281044950092,0.975281044950092
2017,4,"Vestlandet",20329.6250265664,222.624792158334,247.243754336309,247.789646322772,30,0.900426353563263,0.900426353563263
2017,5,"Sørlandet",7085.62001515692,110.971414356372,155.899339572004,156.040950888283,30,0.711814525071278,0.711814525071278
2018,1,"Nord-Norge",59822.7350921747,111.260851722649,142.921073581004,143.744102075349,30,0.778477581611428,0.778477581611428
2018,2,"Midt-Norge",18294.6375230299,155.647165112827,156.549324576585,160.910013390366,30,0.994237219060523,0.994237219060523
2018,3,"Østlandet",19004.1775274179,112.35693795523,104.273160477513,104.203290990937,30,1.07752500682533,1
2018,4,"Vestlandet",20329.6250265664,257.497107510634,247.243754336309,247.789646322772,30,1.0414706256255,1
2018,5,"Sørlandet",7085.62001515692,163.225660544819,155.899339572004,156.040950888283,30,1.04699391923614,1
2019,1,"Nord-Norge",59822.7350921747,122.899744392229,142.921073581004,143.744102075349,30,0.859913386548783,0.859913386548783
2019,2,"Midt-Norge",18294.6375230299,147.660487583253,156.549324576585,160.910013390366,30,0.943220214987363,0.943220214987363
2019,3,"Østlandet",19004.1775274179,90.2664169925258,104.273160477513,104.203290990937,30,0.865672590906004,0.865672590906004
2019,4,"Vestlandet",20329.6250265664,164.373137168417,247.243754336309,247.789646322772,30,0.66482220191832,0.66482220191832
2019,5,"Sørlandet",7085.62001515692,85.9489043161246,155.899339572004,156.040950888283,30,0.551310252834189,0.551310252834189
2020,1,"Nord-Norge",59822.7350921747,180.427225239534,142.921073581004,143.744102075349,30,1.26242562218981,1
2020,2,"Midt-Norge",18294.6375230299,215.755922658102,156.549324576585,160.910013390366,30,1.3781977229327,1
2020,3,"Østlandet",19004.1775274179,125.690228296216,104.273160477513,104.203290990937,30,1.20539386857198,1
2020,4,"Vestlandet",20329.6250265664,303.618990786322,247.243754336309,247.789646322772,30,1.22801480507099,1
2020,5,"Sørlandet",7085.62001515692,200.940279214081,155.899339572004,156.040950888283,30,1.28891039414105,1
2021,1,"Nord-Norge",59822.7350921747,106.889221394799,142.921073581004,143.744102075349,30,0.747889857783757,0.747889857783757
2021,2,"Midt-Norge",18294.6375230299,117.012978109673,156.549324576585,160.910013390366,30,0.747451184641997,0.747451184641997
2021,3,"Østlandet",19004.1775274179,100.955737116447,104.273160477513,104.203290990937,30,0.968185261232386,0.968185261232386
2021,4,"Vestlandet",20329.6250265664,195.039917627136,247.243754336309,247.789646322772,30,0.788856803079589,0.788856803079589
2021,5,"Sørlandet",7085.62001515692,136.519895691105,155.899339572004,156.040950888283,30,0.875692585137935,0.875692585137935
2022,1,"Nord-Norge",59822.7350921747,168.219476468471,142.921073581004,143.744102075349,30,1.17700960574669,1
2022,2,"Midt-Norge",18294.6375230299,237.933381302378,156.549324576585,160.910013390366,30,1.51986207507385,1
2022,3,"Østlandet",19004.1775274179,119.214965768008,104.273160477513,104.203290990937,30,1.14329483466379,1
2022,4,"Vestlandet",20329.6250265664,253.949388537634,247.243754336309,247.789646322772,30,1.02712155143949,1
2022,5,"Sørlandet",7085.62001515692,124.873780095032,155.899339572004,156.040950888283,30,0.800989795324678,0.800989795324678
2023,1,"Nord-Norge",59822.7350921747,124.900421770216,142.921073581004,143.744102075349,30,0.873911863665267,0.873911863665267
2023,2,"Midt-Norge",18294.6375230299,134.345398854144,156.549324576585,160.910013390366,30,0.858166582433393,0.858166582433393
2023,3,"Østlandet",19004.1775274179,116.480971847824,104.273160477513,104.203290990937,30,1.11707529832611,1
2023,4,"Vestlandet",20329.6250265664,223.593975733295,247.243754336309,247.789646322772,30,0.9043463052626,0.9043463052626
2023,5,"Sørlandet",7085.62001515692,167.178208262742,155.899339572004,156.040950888283,30,1.07234712296859,1
2024,1,"Nord-Norge",59822.7350921747,109.024180471701,142.921073581004,143.744102075349,30,0.762827886329225,0.762827886329225
2024,2,"Midt-Norge",18294.6375230299,135.08665326032,156.549324576585,160.910013390366,30,0.862901539982274,0.862901539982274
2024,3,"Østlandet",19004.1775274179,108.295167278812,104.273160477513,104.203290990937,30,1.03857183174348,1
2024,4,"Vestlandet",20329.6250265664,256.107328235656,247.243754336309,247.789646322772,30,1.0358495361112,1
2024,5,"Sørlandet",7085.62001515692,163.335488279908,155.899339572004,156.040950888283,30,1.04769839775023,1
2025,1,"Nord-Norge",59822.7350921747,175.808747476786,142.921073581004,143.744102075349,30,1.23011073924758,1
2025,2,"Midt-Norge",18294.6375230299,146.901266371138,156.549324576585,160.910013390366,30,0.93837048973835,0.93837048973835
2025,3,"Østlandet",19004.1775274179,82.6826303326452,104.273160477513,104.203290990937,30,0.792942593798876,0.792942593798876
2025,4,"Vestlandet",20329.6250265664,184.482950664052,247.243754336309,247.789646322772,30,0.74615818368909,0.74615818368909
2025,5,"Sørlandet",7085.62001515692,82.7412984981397,155.899339572004,156.040950888283,30,0.530735400966369,0.530735400966369
2026,1,"Nord-Norge",59822.7350921747,118.821924924699,142.921073581004,143.744102075349,30,0.83138141876155,0.83138141876155
2026,2,"Midt-Norge",18294.6375230299,86.7023320169392,156.549324576585,160.910013390366,30,0.553833957772994,0.553833957772994
2026,3,"Østlandet",19004.1775274179,73.1709926309173,104.273160477513,104.203290990937,30,0.701724128201689,0.701724128201689
2026,4,"Vestlandet",20329.6250265664,144.422589585649,247.243754336309,247.789646322772,30,0.584130385713205,0.584130385713205
2026,5,"Sørlandet",7085.62001515692,91.708247539461,155.899339572004,156.040950888283,30,0.588252957268651,0.588252957268651
